,Low Vol Before,High Vol Before,Low Vol After,High Vol After
0,0.5169418319042712,1.1414842931362967,0.3815206097555932,0.9877585953701673
