,monthly_returns,volatility,sharpe,excess_returns
Low Vol Before,-0.2758439249105324,0.2691955094646623,-1.0327574838331188,-0.26434682738488463
High Vol Before,-0.08157337080877158,0.3736244838356339,-0.22413713912008754,-0.07007627328312382
Low Vol After,0.03720446335714323,0.21679991790972503,0.16558151033731974,-0.0324102841652095
High Vol After,0.5907581979469015,0.8898148541696647,0.6624431921720474,0.5211434504245488
