,Low Vol Before,High Vol Before,Low Vol After,High Vol After
0,0.31355263134717676,0.682761275564265,0.3262705375221142,0.855549376338284
