,monthly_returns,volatility,sharpe,excess_returns
Low Vol Before,-0.14150828890036693,0.2691955094646623,-0.5337311951802619,-0.2591860717883215
High Vol Before,0.09949045567682992,0.3736244838356339,0.260477318227027,-0.018187327211124635
Low Vol After,0.09317023687289451,0.21679991790972503,0.4237263198711282,-0.025503179801371498
High Vol After,5.226918009262165,0.8898148541696647,5.872695403168817,5.108244592587899
