,monthly_returns,volatility,sharpe,excess_returns
Low Vol Before,0.016167235521039075,0.21686830760403225,0.0645437019927758,-0.0118824912505412
High Vol Before,0.11058612030025528,0.33458361271595144,0.32403370660274927,0.082536393528675
Low Vol After,0.043316471974109684,0.21741543326788307,0.193224859128119,-0.01594067962619692
High Vol After,0.12663321715041398,0.2963289966369105,0.422931313047747,0.06737606555010738
