,Low Vol Before,High Vol Before,Low Vol After,High Vol After
0,-0.46410706142972624,0.1740296896685089,0.35573270550882125,5.750152528883366
