,monthly_returns,volatility,sharpe,excReturns,beta,max_drawdown,TE,IR,monthly_turnover
CW,0.01294385331936859,0.22816938029204809,0.051003547434055684,0.0,1.0,-0.7059478164330305,0.0,,0.1636888082785318
EW,0.12698093900671964,0.2914069620656342,0.43126812279031845,0.11403708568735105,0.5705855334957736,-0.7791625173267549,0.036710149829292854,262.24712034720244,0.0
MV,0.03839714111511134,0.22156213538001532,0.16740557019298732,0.025453287795742748,0.7848461679287211,-0.7196428828338012,0.027263229114647625,73.66549310501088,1.4633433854651672
Low Vol,-0.00523189714189937,0.23656238590194933,-0.027638809211424677,-0.01817575046126796,0.8238284071960128,-0.8750117972891619,0.020742538184520133,4.110905890067299,0.8541666666666666
High Vol,0.34657744099744503,0.6826571916427557,0.5057751382622016,0.33363358767807644,0.06673205611291812,-0.7160608595694694,0.1543380334472894,290.68374255478824,0.5166666666666667
Low Beta,0.3403067824659483,0.6811076673883051,0.4977192200128873,0.3273629291465797,0.06796070776205171,-0.8691309836464612,0.1505377362971103,279.6573292246838,0.1826923076923076
High Beta,0.009850032256285514,0.26198797395876383,0.03261075925945452,-0.003093821063083077,0.7697475199286922,-0.8257733639353606,0.022337844297784255,40.45604305578043,0.1826923076923077
Low Beta EW,0.3403067824659483,0.6811076673883051,0.4977192200128873,0.3273629291465797,0.06796070776205171,-0.8691309836464612,0.1505377362971103,279.6573292246838,0.1480769230769231
High Beta EW,0.009850032256285514,0.26198797395876383,0.03261075925945452,-0.003093821063083077,0.7697475199286922,-0.8257733639353606,0.022337844297784255,40.45604305578043,0.1865384615384615
