,monthly_returns,volatility,sharpe,excReturns,beta,max_drawdown,TE,IR,monthly_turnover
CW,0.015544453567327615,0.2235930861158021,0.06367839142982042,0.0,1.0000000000000002,-0.6791960906630263,0.0,,0.3862512332383889
EW,0.11807536572301808,0.28577643474460507,0.408602480882404,0.10253091215569046,0.5568012977223293,-0.7791625173267553,0.035640461555299166,224.50890203762444,0.0
MV,0.01931004799759937,0.22685221850132728,0.07936286719122392,0.0037655944302717563,0.7329986821286286,-0.7429706466176321,0.028502589140096547,33.72600271216043,4.40513096637151
Low Vol,-0.053275497574380944,0.2261718343683173,-0.24132935577707343,-0.06881995114170855,0.901519309527743,-0.8783358210452776,0.016300321053536928,-163.97456858076686,1.65625
High Vol,0.39100700176663683,0.7286752289456236,0.5348069767952461,0.37546254819930924,0.057578588706386505,-0.7238224360432873,0.16116118800548934,285.0319988494263,0.8291666666666666
Low Beta,0.3561970266311375,0.7128916030821743,0.4978184896387195,0.3406525730638099,0.056137705155730064,-0.8691309836464612,0.15898317431504405,264.2032265249367,0.2692307692307692
High Beta,-0.01762817683329665,0.2525772942265809,-0.0749654967993874,-0.033172630400624264,0.799498672939506,-0.8257733639353622,0.018925013392665377,-39.69000122324358,0.3211538461538462
Low Beta EW,0.3450431263784164,0.7105140382210766,0.4837859667493559,0.3294986728110888,0.056708399412993514,-0.8738293658615721,0.1585066263466581,259.33649321546636,0.225
High Beta EW,-0.0197220797403571,0.2544538465199463,-0.08264164812832857,-0.035266533307684714,0.7827131226358222,-0.7777961802768482,0.020105502424143763,-39.49298876362188,0.3423076923076923
