,monthly_returns,volatility,sharpe,excReturns,beta,max_drawdown,TE,IR,monthly_turnover
CW,0.0295830520808452,0.20229284547272458,0.13978075451024172,0.0,1.0,-0.5448214362596412,0.0,,0.0856758194604458
EW,0.07541990085041975,0.24076954047462878,0.30781923326213045,0.04583684876957454,0.6445441518733188,-0.7125349950238737,0.029569843109077187,244.75141739678665,0.0
MV,0.06072923868787732,0.21137168638395953,0.28112957887505763,0.031146186607032122,0.7060369635521564,-0.7051068188430226,0.027921126023284903,159.1376486170414,1.0047689300576046
Low Vol,0.034683801561650573,0.22871410947094348,0.14593501087543054,0.005100749480805373,0.6374659879535569,-0.7036955607938745,0.03044086274647157,80.83401956942322,0.8197674418604651
High Vol,0.10622225532079516,0.4596117303167144,0.22827060949870567,0.07663920323994995,0.16877251040960928,-0.7822670449467193,0.08156917532384718,243.0305604957682,0.6337209302325582
Low Beta,0.09317321072395024,0.42671958767750084,0.2152861220065103,0.06359015864310504,0.18970410746330785,-0.855209357636281,0.07478566895588305,230.2594589005124,0.1722222222222222
High Beta,0.029400815698279313,0.2637927511808865,0.10650182790796454,-0.0001822363825658875,0.5621104276860897,-0.7961249456930276,0.03403629601800427,64.82695131292382,0.0944444444444444
