,monthly_returns,volatility,sharpe,excReturns,beta,max_drawdown,TE,IR,monthly_turnover
CW,0.0295830520808452,0.2022928454727245,0.1397807545102417,0.0,1.0,-0.5448214362596412,0.0,,0.08567581946044582
EW,0.0754199008504197,0.2407695404746287,0.3078192332621304,0.0458368487695745,0.6445441518733188,-0.7125349950238737,0.0295698431090771,244.75141739678665,
MV,0.0607292386878773,0.2113716863839595,0.2811295788750576,0.0311461866070321,0.7060369635521564,-0.7051068188430226,0.0279211260232849,159.1376486170414,
Low Vol,0.0346838015616505,0.2287141094709434,0.1459350108754305,0.0051007494808053,0.6374659879535569,-0.7036955607938745,0.0304408627464715,80.83401956942322,0.8197674418604651
High Vol,0.1062222553207951,0.4596117303167144,0.2282706094987056,0.0766392032399499,0.1687725104096092,-0.7822670449467193,0.0815691753238471,243.0305604957682,0.6337209302325582
Low Beta,0.0931732107239502,0.4267195876775008,0.2152861220065103,0.063590158643105,0.1897041074633078,-0.855209357636281,0.074785668955883,230.2594589005124,0.1722222222222222
High Beta,0.0294008156982793,0.2637927511808865,0.1065018279079645,-0.0001822363825658,0.5621104276860897,-0.7961249456930276,0.0340362960180042,64.82695131292382,0.0944444444444444
