,monthly_returns,volatility,sharpe,excReturns,beta,max_drawdown,TE,IR,monthly_turnover
CW,0.0456716815675394,0.2065520726165349,0.2147897888260837,0.0,0.9999999999999994,-0.5382051838266062,0.0,,0.19678819450756124
EW,0.0755831662629197,0.2418954729495319,0.3070613924625722,0.0299114846953803,0.6606064784933937,-0.7125349950238744,0.0293125945083876,187.3136587310337,0.0
MV,0.0561690844040024,0.2096368159867345,0.2617034543151527,0.010497402836463,0.7688674783753534,-0.6717179823710283,0.0260216935344541,82.60548561378339,3.463512274144973
Low Vol,0.0010394686028583,0.2051179833236654,-0.0013013822652715,-0.0446322129646811,0.8236065746629914,-0.7373821223871416,0.0230076173090027,-149.2680802001685,1.3662790697674418
High Vol,0.1542171976207224,0.5162178695887251,0.2962136747298261,0.1085455160531829,0.1631370786513547,-0.7759323073115769,0.0883948680072286,285.0738797785887,0.9127906976744186
Low Beta,0.1013066496006488,0.4305954906701232,0.2322370908631146,0.0556349680331094,0.2032364713096012,-0.8552093576362793,0.0734759502622746,210.85466665428973,0.2611111111111111
High Beta,0.027184303182173,0.246725885816015,0.1048852153795745,-0.0184873783853663,0.6727929923870545,-0.796124945693029,0.0279667995629741,-11.102159152582724,0.2166666666666666
