,monthly_returns,volatility,sharpe,excReturns,beta,max_drawdown,TE,IR,monthly_turnover
CW,0.045671681567539466,0.2065520726165349,0.2147897888260837,0.0,0.9999999999999994,-0.5382051838266062,0.0,,0.1967881945075612
EW,0.07558316626291979,0.24189547294953195,0.30706139246257225,0.029911484695380325,0.6606064784933937,-0.7125349950238744,0.029312594508387652,187.31365873103374,0.0
MV,0.05616908440400247,0.2096368159867345,0.2617034543151527,0.010497402836463006,0.7688674783753534,-0.6717179823710283,0.026021693534454177,82.60548561378339,3.463512274144973
Low Vol,0.0010394686028583526,0.2051179833236654,-0.001301382265271501,-0.04463221296468111,0.8236065746629914,-0.7373821223871416,0.023007617309002755,-149.2680802001685,1.3662790697674418
High Vol,0.15421719762072245,0.5162178695887251,0.2962136747298261,0.10854551605318298,0.1631370786513547,-0.7759323073115769,0.08839486800722865,285.0738797785887,0.9127906976744186
Low Beta,0.10130664960064886,0.4305954906701232,0.23223709086311464,0.0556349680331094,0.20323647130960126,-0.8552093576362793,0.07347595026227469,210.85466665428973,0.2611111111111111
High Beta,0.02718430318217307,0.24672588581601504,0.10488521537957451,-0.018487378385366394,0.6727929923870545,-0.796124945693029,0.027966799562974175,-11.102159152582724,0.2166666666666666
