,monthly_returns,vol_roll_120,sharpe,excReturns,beta,max_drawdown,hit_ratio,TE,IR,OWTurnover
CW,0.030707113052264583,0.21116954504147872,0.13920852260195918,0,1.0,-0.36829602450136445,,,,
EW,0.030804483769002546,0.2031348975297311,0.1451940137276182,9.737071673796352e-05,1.025225337126099,-0.36565447228183545,,,,
