,monthly_returns,volatility,sharpe,excReturns,beta,max_drawdown,TE,IR,monthly_turnover
CW,0.010105680434440507,0.2276429077462802,0.03865385051048341,0.0,1.0000000000000002,-0.7204037461460275,0.0,,0.0850832779191916
EW,0.12698093900671964,0.2914069620656342,0.43126812279031845,0.11687525857227914,0.5699150587835488,-0.7791625173267549,0.0366247270256907,266.3304251603914,0.0
MV,0.051881688256738875,0.24600409826172104,0.20558715527693514,0.04177600782229837,0.5683930326069737,-0.687815869225487,0.03777431925016315,112.41428487829587,0.6896632220615578
Low Vol,0.00807466983274853,0.2370368562326155,0.028553636897135037,-0.0020310106016919773,0.8182248756260493,-0.8666230935488892,0.021022227067005992,31.57095534011977,0.5041666666666667
High Vol,0.33314537297538693,0.6695358501258881,0.4956253909396331,0.32303969254094644,0.07049829629099091,-0.7653737099940024,0.15099901291198609,275.77487704033126,0.3604166666666666
Low Beta,0.3332878447542802,0.6649121535229418,0.499286165077116,0.3231821643198397,0.07050741728691834,-0.8691309836464611,0.14733601643274952,268.9601835655292,0.1192307692307692
High Beta,0.012279457308333032,0.2614269235392983,0.04197368676160668,0.002173776873892525,0.769599277717585,-0.8257733639353609,0.022173569991469806,51.5424880310151,0.1096153846153846
Low Beta EW,0.3332878447542802,0.6649121535229418,0.499286165077116,0.3231821643198397,0.07050741728691834,-0.8691309836464611,0.14733601643274952,268.9601835655292,0.1134615384615384
High Beta EW,0.012279457308333032,0.2614269235392983,0.04197368676160668,0.002173776873892525,0.769599277717585,-0.8257733639353609,0.022173569991469806,51.5424880310151,0.1211538461538461
