,monthly_returns,volatility,sharpe,excReturns,beta,max_drawdown,TE,IR,monthly_turnover
CW,0.045671681567539466,0.2065520726165349,0.2147897888260837,0.0,0.9999999999999994,-0.5382051838266062,0.0,,0.1967881945075612
EW,0.07558316626291979,0.24189547294953195,0.30706139246257225,0.029911484695380325,0.6606064784933937,-0.7125349950238744,0.029312594508387652,187.31365873103374,0.0
MV,0.05616908440400247,0.2096368159867345,0.2617034543151527,0.010497402836463006,0.7688674783753534,-0.6717179823710283,0.026021693534454177,82.60548561378339,3.463512274144973
Low Vol,0.0010394686028583526,0.2051179833236654,-0.001301382265271501,-0.04463221296468111,0.8236065746629914,-0.7373821223871416,0.023007617309002755,-149.2680802001685,1.3662790697674418
High Vol,0.15421719762072245,0.5162178695887251,0.2962136747298261,0.10854551605318298,0.1631370786513547,-0.7759323073115769,0.08839486800722865,285.0738797785887,0.9127906976744186
Low Beta,0.09835728252801532,0.299130422553555,0.32444335213679487,0.05268560096047585,0.42544652048771114,-0.7320180796987328,0.04498887200325647,221.8352006065074,0.1177777777777777
High Beta,0.03113621077879707,0.2397947954245534,0.12439721728463615,-0.014535470788742396,0.6970144013327796,-0.7062654430553208,0.026691177603077276,37.509892501419166,0.1177777777777777
Low Beta EW,0.09721215774046396,0.29395764292386817,0.3262570460080144,0.051540476172924496,0.44034668218225215,-0.7046665517733007,0.04375425163244788,220.67810586518218,0.1422222222222222
High Beta EW,0.031337163839585236,0.24607487779549053,0.122039106957921,-0.01433451772795423,0.6657610391214548,-0.7323149976084536,0.028441989937032976,46.61042626301329,0.1422222222222222
