,monthly_returns,volatility,sharpe,excReturns,beta,max_drawdown,TE,IR,monthly_turnover
CW,0.0295830520808452,0.20229284547272458,0.13978075451024172,0.0,1.0,-0.5448214362596412,0.0,,0.0856758194604458
EW,0.07541990085041975,0.24076954047462878,0.30781923326213045,0.04583684876957454,0.6445441518733188,-0.7125349950238737,0.029569843109077187,244.75141739678665,0.0
MV,0.06072923868787732,0.21137168638395953,0.28112957887505763,0.031146186607032122,0.7060369635521564,-0.7051068188430226,0.027921126023284903,159.1376486170414,1.0047689300576046
Low Vol,0.034683801561650573,0.22871410947094348,0.14593501087543054,0.005100749480805373,0.6374659879535569,-0.7036955607938745,0.03044086274647157,80.83401956942322,0.8197674418604651
High Vol,0.10622225532079516,0.4596117303167144,0.22827060949870567,0.07663920323994995,0.16877251040960928,-0.7822670449467193,0.08156917532384718,243.0305604957682,0.6337209302325582
Low Beta,0.09634629788736368,0.2962067620517753,0.3208565926057664,0.06676324580651848,0.41530070650298456,-0.7320180796987317,0.04494087934589263,258.7147395947531,0.0688888888888889
High Beta,0.03304460120110507,0.24220155378881406,0.13104042974115246,0.0034615491202598693,0.6683391983334345,-0.7062654430553209,0.027784700721967263,102.49000547669185,0.0688888888888889
Low Beta EW,0.09634629788736368,0.2962067620517753,0.3208565926057664,0.06676324580651848,0.7526937956402446,-0.7320180796987317,0.04494087934589263,258.7147395947531,0.0755555555555555
High Beta EW,0.03304460120110507,0.24220155378881406,0.13104042974115246,0.0034615491202598693,0.8757757095866385,-0.7062654430553209,0.027784700721967263,102.49000547669185,0.0755555555555555
