,monthly_returns,volatility,sharpe,excReturns,beta,max_drawdown,TE,IR,monthly_turnover
CW,0.02589313403722709,0.2020991750055792,0.12165674861317131,0.0,1.0,-0.5718711080247887,0.0,,0.0492105144715109
EW,0.07541990085041975,0.24076954047462878,0.30781923326213045,0.04952676681319265,0.6409510795220951,-0.7125349950238737,0.029800045669131137,254.52784464192877,0.0
MV,0.06393142542214657,0.21398316486983324,0.29266330345005215,0.03803829138491947,0.6923739159628877,-0.6428748843014482,0.028541297278980065,174.91771403983134,0.5004370957582633
Low Vol,0.03394209344871939,0.22897377966620736,0.14253024074481763,0.008048959411492296,0.6416087743651664,-0.7036955607938726,0.030173455569175642,72.10009792757025,0.4127906976744186
High Vol,0.09268565769747886,0.4378672057866776,0.2086917014592626,0.06679252366025176,0.18857729439957585,-0.9012317401120923,0.07661808788200214,226.9873256812321,0.4418604651162791
Low Beta,0.09296275708022338,0.29609474120094487,0.30955075797640297,0.06706962304299628,0.4142062796344248,-0.7320180796987327,0.04498540875092018,259.3304467538893,0.0355555555555555
High Beta,0.035536834617781655,0.24183807989294256,0.14154275920603915,0.009643700580554564,0.6609637800074766,-0.706265443055321,0.028252942351300978,124.01528295498748,0.0355555555555555
Low Beta EW,0.09296275708022338,0.29609474120094487,0.30955075797640297,0.06706962304299628,0.753102656076133,-0.7320180796987327,0.04498540875092018,259.3304467538893,0.0355555555555555
High Beta EW,0.035536834617781655,0.24183807989294256,0.14154275920603915,0.009643700580554564,0.8735163534062773,-0.706265443055321,0.028252942351300978,124.01528295498748,0.0355555555555555
